{
    "acrobot-swingup": [
        112.7376692236025,
        128.62113600653146,
        91.35276419963328,
        145.8482291090729,
        147.50661546332395
    ],
    "ball_in_cup-catch": [
        944.238,
        965.308,
        962.482,
        967.4,
        962.954
    ],
    "cartpole-balance": [
        994.9309498291016,
        994.1941065673828,
        994.0493072509764,
        993.5681905517578,
        990.4635141601564
    ],
    "cartpole-balance_sparse": [
        1000,
        999.118,
        1000,
        999.99,
        999.954
    ],
    "cartpole-swingup": [
        854.0438326416015,
        869.9221577148437,
        848.7479083251953,
        871.35534765625,
        864.9203060302734
    ],
    "cartpole-swingup_sparse": [
        829.132,
        781.34,
        774.228,
        776.27,
        829.568
    ],
    "cheetah-run": [
        734.3743515014648,
        692.2556508789063,
        531.0040316619873,
        657.3813020019531,
        726.2025970458984
    ],
    "finger-spin": [
        925.046,
        821.31,
        871.78,
        906.274,
        848.476
    ],
    "finger-turn_easy": [
        964.388,
        952.972,
        948.516,
        578.244,
        965.266
    ],
    "finger-turn_hard": [
        929.736,
        808.488,
        880.952,
        416.236,
        807.764
    ],
    "hopper-hop": [
        236.4702328186035,
        321.96295837402346,
        276.7385825805664,
        245.3547226867676,
        276.8738040466309
    ],
    "hopper-stand": [
        920.9578279418944,
        898.7695521240234,
        868.2437646484375,
        921.853243774414,
        915.6327106933594
    ],
    "pendulum-swingup": [
        833.71,
        841.042,
        831.512,
        821.054,
        833.554
    ],
    "reacher-easy": [
        946.378,
        972.288,
        955.842,
        958.434,
        961.488
    ],
    "reacher-hard": [
        854.224,
        811.768,
        828.682,
        864.954,
        858.856
    ],
    "walker-run": [
        701.4423126220703,
        672.135919555664,
        670.9848284912109,
        576.2779791870117,
        522.7536129760742
    ],
    "walker-stand": [
        980.0488489990234,
        981.195705444336,
        978.4115144042968,
        981.1723731689452,
        976.7025341339112
    ],
    "walker-walk": [
        971.4361501464844,
        969.4021623535156,
        971.491406616211,
        967.564829711914,
        969.6772202148436
    ]
}